{
  "project_info": {
    "project_number": "1074561846942",
    "firebase_url": "https://myproject-c33cb.firebaseio.com",
    "project_id": "myproject-c33cb",
    "storage_bucket": "myproject-c33cb.appspot.com"
  },
  "client": [
    {
      "client_info": {
        "mobilesdk_app_id": "1:1074561846942:android:315c3d358f01dae6",
        "android_client_info": {
          "package_name": "com.example.myproject"
        }
      },
      "oauth_client": [
        {
          "client_id": "1074561846942-8pthumuotrqvsd4tabqjjv3bedhn3hj6.apps.googleusercontent.com",
          "client_type": 1,
          "android_info": {
            "package_name": "com.example.myproject",
            "certificate_hash": "68ba8ca1b80ae656972b23774c10d4cc0824ff4d"
          }
        },
        {
          "client_id": "1074561846942-srkp4jvfs132p6k0hqon2rmucp0h37qf.apps.googleusercontent.com",
          "client_type": 3
        }
      ],
      "api_key": [
        {
          "current_key": "AIzaSyBu5OOqfKV1Q4_NxnRoX-4wJ-LD5_AhwMU"
        }
      ],
      "services": {
        "appinvite_service": {
          "other_platform_oauth_client": [
            {
              "client_id": "1074561846942-srkp4jvfs132p6k0hqon2rmucp0h37qf.apps.googleusercontent.com",
              "client_type": 3
            }
          ]
        }
      }
    }
  ],
  "configuration_version": "1"
}